auroc,auprc,f1,shd,dataset,kind,d,n,seed,method,time_s,n_params,gen_seed
1.0,1.0,1.0,0,linear_d5_n1500,linear,5,1500,42,VAR-Lasso,0.156,,42
0.9733333333333334,0.9266666666666664,0.9090909090909092,1,linear_d5_n1500,linear,5,1500,42,Correlation,0.005,,42
1.0,1.0,1.0,0,linear_d5_n1500,linear,5,1500,42,NOTEARS,1.049,,42
1.0,1.0,1.0,0,linear_d5_n1500,linear,5,1500,42,GOLEM,0.18,,42
1.0,1.0,1.0,0,linear_d5_n1500,linear,5,1500,42,PCMCI,0.217,,42
1.0,1.0,1.0,0,linear_d5_n1500,linear,5,1500,42,VarLiNGAM,0.904,,42
1.0,1.0,1.0,0,linear_d5_n1500,linear,5,1500,42,GC-KAN,7.672,,42
1.0,1.0,1.0,0,linear_d5_n1500,linear,5,1500,42,GC-KAN+ALM,7.655,,42
0.9333333333333332,0.835,0.8,2,linear_d5_n1500,linear,5,1500,42,Neural-GC,5.551,,42
1.0,1.0,1.0,0,linear_d5_n1500,linear,5,1500,42,NTS-NOTEARS,7.81,,42
1.0,1.0,1.0,0,linear_d5_n1500,linear,5,1500,42,CD-KAN,1.259,830.0,42
1.0,1.0,1.0,0,linear_d5_n1500,linear,5,1500,43,VAR-Lasso,0.011,,43
1.0,1.0,1.0,0,linear_d5_n1500,linear,5,1500,43,Correlation,0.003,,43
1.0,1.0,1.0,0,linear_d5_n1500,linear,5,1500,43,NOTEARS,0.065,,43
1.0,1.0,1.0,0,linear_d5_n1500,linear,5,1500,43,GOLEM,0.172,,43
1.0,1.0,1.0,0,linear_d5_n1500,linear,5,1500,43,PCMCI,0.175,,43
1.0,1.0,1.0,0,linear_d5_n1500,linear,5,1500,43,VarLiNGAM,0.203,,43
1.0,1.0,1.0,0,linear_d5_n1500,linear,5,1500,43,GC-KAN,7.648,,43
1.0,1.0,1.0,0,linear_d5_n1500,linear,5,1500,43,GC-KAN+ALM,7.842,,43
0.631578947368421,0.125,0.2222222222222222,7,linear_d5_n1500,linear,5,1500,43,Neural-GC,7.894,,43
1.0,1.0,1.0,0,linear_d5_n1500,linear,5,1500,43,NTS-NOTEARS,6.072,,43
1.0,1.0,1.0,0,linear_d5_n1500,linear,5,1500,43,CD-KAN,0.781,830.0,43
1.0,1.0,1.0,0,linear_d5_n1500,linear,5,1500,44,VAR-Lasso,0.009,,44
1.0,1.0,1.0,0,linear_d5_n1500,linear,5,1500,44,Correlation,0.003,,44
1.0,1.0,1.0,0,linear_d5_n1500,linear,5,1500,44,NOTEARS,0.069,,44
1.0,1.0,1.0,0,linear_d5_n1500,linear,5,1500,44,GOLEM,0.168,,44
1.0,1.0,1.0,0,linear_d5_n1500,linear,5,1500,44,PCMCI,0.175,,44
1.0,1.0,1.0,0,linear_d5_n1500,linear,5,1500,44,VarLiNGAM,0.144,,44
1.0,1.0,1.0,0,linear_d5_n1500,linear,5,1500,44,GC-KAN,8.347,,44
1.0,1.0,1.0,0,linear_d5_n1500,linear,5,1500,44,GC-KAN+ALM,8.615,,44
0.631578947368421,0.125,0.2222222222222222,7,linear_d5_n1500,linear,5,1500,44,Neural-GC,6.587,,44
1.0,1.0,1.0,0,linear_d5_n1500,linear,5,1500,44,NTS-NOTEARS,8.302,,44
1.0,1.0,1.0,0,linear_d5_n1500,linear,5,1500,44,CD-KAN,0.912,830.0,44
0.9595959595959596,0.9575757575757576,0.9,2,nonlin_d5_n1500,nonlinear,5,1500,42,VAR-Lasso,0.012,,42
0.8686868686868686,0.882876382876383,0.8,3,nonlin_d5_n1500,nonlinear,5,1500,42,Correlation,0.003,,42
0.9191919191919192,0.9216200466200468,0.8235294117647058,3,nonlin_d5_n1500,nonlinear,5,1500,42,NOTEARS,0.079,,42
0.9898989898989898,0.9888888888888892,0.9473684210526316,1,nonlin_d5_n1500,nonlinear,5,1500,42,GOLEM,0.184,,42
1.0,1.0000000000000002,1.0,0,nonlin_d5_n1500,nonlinear,5,1500,42,PCMCI,0.332,,42
0.9898989898989898,0.9888888888888888,0.9473684210526316,1,nonlin_d5_n1500,nonlinear,5,1500,42,VarLiNGAM,0.23,,42
0.8080808080808081,0.8334957764782327,0.7777777777777778,4,nonlin_d5_n1500,nonlinear,5,1500,42,GC-KAN,8.263,,42
0.8383838383838383,0.8614690320572675,0.7619047619047619,5,nonlin_d5_n1500,nonlinear,5,1500,42,GC-KAN+ALM,8.522,,42
0.606060606060606,0.5468901468901469,0.6956521739130435,7,nonlin_d5_n1500,nonlinear,5,1500,42,Neural-GC,6.24,,42
0.8787878787878787,0.8777777777777778,0.875,2,nonlin_d5_n1500,nonlinear,5,1500,42,NTS-NOTEARS,15.606,,42
0.8484848484848484,0.875320512820513,0.8,3,nonlin_d5_n1500,nonlinear,5,1500,42,CD-KAN,1.226,830.0,42
0.9866666666666668,0.9666666666666666,0.9090909090909092,1,nonlin_d5_n1500,nonlinear,5,1500,43,VAR-Lasso,0.009,,43
0.9733333333333334,0.9428571428571428,0.8888888888888888,1,nonlin_d5_n1500,nonlinear,5,1500,43,Correlation,0.003,,43
0.8,0.8500000000000001,0.8888888888888888,1,nonlin_d5_n1500,nonlinear,5,1500,43,NOTEARS,0.071,,43
0.9866666666666668,0.9666666666666666,0.9090909090909092,1,nonlin_d5_n1500,nonlinear,5,1500,43,GOLEM,0.18,,43
1.0,1.0,1.0,0,nonlin_d5_n1500,nonlinear,5,1500,43,PCMCI,0.2,,43
1.0,1.0,1.0,0,nonlin_d5_n1500,nonlinear,5,1500,43,VarLiNGAM,0.185,,43
0.9866666666666668,0.9666666666666666,0.9090909090909092,1,nonlin_d5_n1500,nonlinear,5,1500,43,GC-KAN,8.111,,43
0.9866666666666668,0.9666666666666666,0.9090909090909092,1,nonlin_d5_n1500,nonlinear,5,1500,43,GC-KAN+ALM,8.477,,43
0.96,0.925,0.8888888888888888,1,nonlin_d5_n1500,nonlinear,5,1500,43,Neural-GC,6.73,,43
0.8933333333333334,0.8500000000000001,0.8888888888888888,1,nonlin_d5_n1500,nonlinear,5,1500,43,NTS-NOTEARS,10.517,,43
0.9866666666666668,0.9666666666666666,0.9090909090909092,1,nonlin_d5_n1500,nonlinear,5,1500,43,CD-KAN,1.075,830.0,43
1.0,1.0,1.0,0,nonlin_d5_n1500,nonlinear,5,1500,44,VAR-Lasso,0.013,,44
0.9733333333333334,0.9428571428571428,0.8888888888888888,1,nonlin_d5_n1500,nonlinear,5,1500,44,Correlation,0.003,,44
0.9866666666666668,0.9666666666666666,0.9090909090909092,1,nonlin_d5_n1500,nonlinear,5,1500,44,NOTEARS,0.081,,44
1.0,1.0,1.0,0,nonlin_d5_n1500,nonlinear,5,1500,44,GOLEM,0.193,,44
1.0,1.0,1.0,0,nonlin_d5_n1500,nonlinear,5,1500,44,PCMCI,0.229,,44
1.0,1.0,1.0,0,nonlin_d5_n1500,nonlinear,5,1500,44,VarLiNGAM,0.243,,44
0.9066666666666668,0.8833333333333333,0.8888888888888888,1,nonlin_d5_n1500,nonlinear,5,1500,44,GC-KAN,8.495,,44
0.9066666666666668,0.8833333333333333,0.8888888888888888,1,nonlin_d5_n1500,nonlinear,5,1500,44,GC-KAN+ALM,7.828,,44
0.72,0.4227272727272727,0.5882352941176471,7,nonlin_d5_n1500,nonlinear,5,1500,44,Neural-GC,5.381,,44
0.8933333333333334,0.8500000000000001,0.8888888888888888,1,nonlin_d5_n1500,nonlinear,5,1500,44,NTS-NOTEARS,17.667,,44
0.9866666666666668,0.9666666666666666,0.9090909090909092,1,nonlin_d5_n1500,nonlinear,5,1500,44,CD-KAN,0.873,830.0,44
1.0,1.0,1.0,0,linear_d10_n2000,linear,10,2000,42,VAR-Lasso,0.02,,42
0.98849252013809,0.9290944201372008,0.9090909090909092,2,linear_d10_n2000,linear,10,2000,42,Correlation,0.007,,42
0.998849252013809,0.9924242424242424,0.9565217391304348,1,linear_d10_n2000,linear,10,2000,42,NOTEARS,0.081,,42
1.0,1.0,1.0,0,linear_d10_n2000,linear,10,2000,42,GOLEM,0.201,,42
1.0,1.0,1.0,0,linear_d10_n2000,linear,10,2000,42,PCMCI,0.99,,42
1.0,1.0,1.0,0,linear_d10_n2000,linear,10,2000,42,VarLiNGAM,0.542,,42
0.995397008055236,0.9757575757575758,0.9523809523809524,1,linear_d10_n2000,linear,10,2000,42,GC-KAN,36.029,,42
0.9930955120828538,0.967914438502674,0.9523809523809524,1,linear_d10_n2000,linear,10,2000,42,GC-KAN+ALM,35.337,,42
0.8089758342922899,0.3420342921537564,0.4666666666666667,16,linear_d10_n2000,linear,10,2000,42,Neural-GC,11.302,,42
1.0,1.0,1.0,0,linear_d10_n2000,linear,10,2000,42,NTS-NOTEARS,25.162,,42
0.998849252013809,0.9924242424242424,0.9565217391304348,1,linear_d10_n2000,linear,10,2000,42,CD-KAN,2.022,3310.0,42
1.0,1.0,1.0,0,linear_d10_n2000,linear,10,2000,43,VAR-Lasso,0.02,,43
0.9948364888123924,0.9379251700680272,0.9333333333333332,1,linear_d10_n2000,linear,10,2000,43,Correlation,0.007,,43
1.0,1.0,1.0,0,linear_d10_n2000,linear,10,2000,43,NOTEARS,0.078,,43
1.0,1.0,1.0,0,linear_d10_n2000,linear,10,2000,43,GOLEM,0.201,,43
1.0,1.0,1.0,0,linear_d10_n2000,linear,10,2000,43,PCMCI,0.936,,43
1.0,1.0,1.0,0,linear_d10_n2000,linear,10,2000,43,VarLiNGAM,0.56,,43
0.9982788296041308,0.982142857142857,0.9333333333333332,1,linear_d10_n2000,linear,10,2000,43,GC-KAN,34.257,,43
0.9982788296041308,0.982142857142857,0.9333333333333332,1,linear_d10_n2000,linear,10,2000,43,GC-KAN+ALM,45.65,,43
0.621342512908778,0.1401241217787206,0.25,18,linear_d10_n2000,linear,10,2000,43,Neural-GC,12.305,,43
1.0,1.0,1.0,0,linear_d10_n2000,linear,10,2000,43,NTS-NOTEARS,7.528,,43
1.0,1.0,1.0,0,linear_d10_n2000,linear,10,2000,43,CD-KAN,1.778,3310.0,43
1.0,1.0,1.0,0,linear_d10_n2000,linear,10,2000,44,VAR-Lasso,0.042,,44
0.986842105263158,0.9384469696969696,0.8666666666666667,4,linear_d10_n2000,linear,10,2000,44,Correlation,0.02,,44
0.9981203007518796,0.9910714285714284,0.9629629629629628,1,linear_d10_n2000,linear,10,2000,44,NOTEARS,0.085,,44
1.0,1.0,1.0,0,linear_d10_n2000,linear,10,2000,44,GOLEM,0.215,,44
1.0,1.0,1.0,0,linear_d10_n2000,linear,10,2000,44,PCMCI,1.08,,44
1.0,0.9999999999999998,1.0,0,linear_d10_n2000,linear,10,2000,44,VarLiNGAM,0.589,,44
0.9840225563909776,0.9231877249734391,0.9285714285714286,2,linear_d10_n2000,linear,10,2000,44,GC-KAN,37.056,,44
0.9840225563909774,0.9395687645687644,0.896551724137931,3,linear_d10_n2000,linear,10,2000,44,GC-KAN+ALM,40.029,,44
0.7481203007518797,0.3482580364159311,0.5,22,linear_d10_n2000,linear,10,2000,44,Neural-GC,12.315,,44
1.0,0.9999999999999998,1.0,0,linear_d10_n2000,linear,10,2000,44,NTS-NOTEARS,43.919,,44
1.0,1.0,1.0,0,linear_d10_n2000,linear,10,2000,44,CD-KAN,2.001,3310.0,44
1.0,0.9999999999999998,1.0,0,linear_d20_n2000,linear,20,2000,42,VAR-Lasso,0.091,,42
0.991158267020336,0.9036966321479712,0.8275862068965517,10,linear_d20_n2000,linear,20,2000,42,Correlation,0.024,,42
0.840750564888496,0.5945572910443409,0.6190476190476191,16,linear_d20_n2000,linear,20,2000,42,NOTEARS,0.105,,42
1.0,0.9999999999999998,1.0,0,linear_d20_n2000,linear,20,2000,42,GOLEM,0.236,,42
1.0,0.9999999999999998,1.0,0,linear_d20_n2000,linear,20,2000,42,PCMCI,4.433,,42
1.0,0.9999999999999998,1.0,0,linear_d20_n2000,linear,20,2000,42,VarLiNGAM,3.473,,42
0.5670498084291187,0.0853487127487752,0.1811023622047244,208,linear_d20_n2000,linear,20,2000,42,Neural-GC,43.129,,42
0.992238923273406,0.9641733881881664,0.918032786885246,5,linear_d20_n2000,linear,20,2000,42,CD-KAN,4.443,13220.0,42
1.0,1.0,1.0,0,linear_d20_n2000,linear,20,2000,43,VAR-Lasso,0.064,,43
0.9902597402597404,0.909345521287484,0.8301886792452831,9,linear_d20_n2000,linear,20,2000,43,Correlation,0.024,,43
0.8825081168831168,0.8170301306167981,0.8627450980392157,7,linear_d20_n2000,linear,20,2000,43,NOTEARS,0.092,,43
1.0,1.0,1.0,0,linear_d20_n2000,linear,20,2000,43,GOLEM,0.247,,43
1.0,1.0,1.0,0,linear_d20_n2000,linear,20,2000,43,PCMCI,4.057,,43
1.0,1.0,1.0,0,linear_d20_n2000,linear,20,2000,43,VarLiNGAM,3.524,,43
0.747564935064935,0.1687303795758042,0.2666666666666666,77,linear_d20_n2000,linear,20,2000,43,Neural-GC,44.016,,43
0.9994926948051948,0.9939455172750102,0.9642857142857144,2,linear_d20_n2000,linear,20,2000,43,CD-KAN,4.567,13220.0,43
1.0,1.0,1.0,0,linear_d20_n2000,linear,20,2000,44,VAR-Lasso,0.047,,44
0.998538812785388,0.96510989010989,0.9090909090909092,3,linear_d20_n2000,linear,20,2000,44,Correlation,0.024,,44
0.9092237442922376,0.7107596600099727,0.7692307692307693,6,linear_d20_n2000,linear,20,2000,44,NOTEARS,0.145,,44
1.0,1.0,1.0,0,linear_d20_n2000,linear,20,2000,44,GOLEM,0.254,,44
1.0,1.0,1.0,0,linear_d20_n2000,linear,20,2000,44,PCMCI,4.545,,44
1.0,1.0,1.0,0,linear_d20_n2000,linear,20,2000,44,VarLiNGAM,3.516,,44
0.6874885844748859,0.0682475790472599,0.1382978723404255,162,linear_d20_n2000,linear,20,2000,44,Neural-GC,48.822,,44
1.0,1.0,1.0,0,linear_d20_n2000,linear,20,2000,44,CD-KAN,4.334,13220.0,44
1.0,1.0,1.0,0,linear_d50_n3000,linear,50,3000,42,VAR-Lasso,0.463,,42
0.9992301276704948,0.9623990221016748,0.9158878504672896,9,linear_d50_n3000,linear,50,3000,42,Correlation,0.206,,42
0.6324020016680567,0.0650259828213072,0.123076923076923,57,linear_d50_n3000,linear,50,3000,42,NOTEARS,0.145,,42
1.0,1.0,1.0,0,linear_d50_n3000,linear,50,3000,42,GOLEM,0.382,,42
0.8480384294604478,0.3901449062558177,0.4318181818181818,50,linear_d50_n3000,linear,50,3000,42,CD-KAN,15.832,82550.0,42
1.0,1.0,1.0,0,linear_d50_n3000,linear,50,3000,43,VAR-Lasso,0.485,,43
0.9990866671489548,0.9551648693796686,0.8979591836734694,10,linear_d50_n3000,linear,50,3000,43,Correlation,0.219,,43
0.527164870143963,0.0749145765849888,0.1481481481481481,69,linear_d50_n3000,linear,50,3000,43,NOTEARS,0.15,,43
1.0,1.0,1.0,0,linear_d50_n3000,linear,50,3000,43,GOLEM,0.452,,43
0.8426897200318311,0.4365309789036867,0.4705882352941176,36,linear_d50_n3000,linear,50,3000,43,CD-KAN,19.439,82550.0,43
1.0,1.0,1.0,0,linear_d50_n3000,linear,50,3000,44,VAR-Lasso,0.623,,44
0.9995927076969392,0.979404468535418,0.9473684210526316,5,linear_d50_n3000,linear,50,3000,44,Correlation,0.245,,44
0.5356690661495825,0.0613346473468965,0.0857142857142857,64,linear_d50_n3000,linear,50,3000,44,NOTEARS,0.163,,44
1.0,1.0,1.0,0,linear_d50_n3000,linear,50,3000,44,GOLEM,0.4,,44
0.7960085354300033,0.3120867896456699,0.4057971014492754,41,linear_d50_n3000,linear,50,3000,44,CD-KAN,14.591,82550.0,44
0.9721283783783783,0.9211309523809524,0.8571428571428571,4,nonlin_d10_n2000,nonlinear,10,2000,42,VAR-Lasso,0.073,,60042
0.910472972972973,0.7518003567883234,0.7096774193548387,9,nonlin_d10_n2000,nonlinear,10,2000,42,Correlation,0.009,,60042
0.7694256756756757,0.7385843380208135,0.7586206896551724,7,nonlin_d10_n2000,nonlinear,10,2000,42,NOTEARS,2.728,,60042
0.9822635135135136,0.9491202731092437,0.9090909090909091,3,nonlin_d10_n2000,nonlinear,10,2000,42,GOLEM,0.278,,60042
0.9923986486486487,0.9775,0.967741935483871,1,nonlin_d10_n2000,nonlinear,10,2000,42,PCMCI,1.623,,60042
0.9666385135135135,0.9405381944444444,0.9375,2,nonlin_d10_n2000,nonlinear,10,2000,42,VarLiNGAM,2.803,,60042
0.9113175675675675,0.8095937405065694,0.7428571428571429,9,nonlin_d10_n2000,nonlinear,10,2000,42,GC-KAN,45.695,,60042
0.9121621621621622,0.7900452845765347,0.7058823529411765,10,nonlin_d10_n2000,nonlinear,10,2000,42,GC-KAN+ALM,45.26,,60042
0.7077702702702703,0.3842530463377932,0.45161290322580644,17,nonlin_d10_n2000,nonlinear,10,2000,42,Neural-GC,16.678,,60042
0.8707770270270271,0.7896367521367521,0.8275862068965517,5,nonlin_d10_n2000,nonlinear,10,2000,42,NTS-NOTEARS,26.35,,60042
0.8809121621621622,0.8059568903318903,0.7407407407407407,7,nonlin_d10_n2000,nonlinear,10,2000,42,CD-KAN,2.211,3310,60042
0.9927477840451249,0.9753668057612062,0.9375,2,nonlin_d10_n2000,nonlinear,10,2000,43,VAR-Lasso,0.028,,10043
0.9137792103142628,0.7385837938779116,0.6875,10,nonlin_d10_n2000,nonlinear,10,2000,43,Correlation,0.008,,10043
0.9121676067687349,0.8477165906653263,0.8,7,nonlin_d10_n2000,nonlinear,10,2000,43,NOTEARS,0.109,,10043
0.9846897663174858,0.9429679367759863,0.8717948717948718,5,nonlin_d10_n2000,nonlinear,10,2000,43,GOLEM,0.35,,10043
1.0,1.0,1.0,0,nonlin_d10_n2000,nonlinear,10,2000,43,PCMCI,1.615,,10043
1.0,1.0,1.0,0,nonlin_d10_n2000,nonlinear,10,2000,43,VarLiNGAM,1.666,,10043
0.8839645447219984,0.8308567937050909,0.7777777777777778,8,nonlin_d10_n2000,nonlinear,10,2000,43,GC-KAN,44.406,,10043
0.8823529411764705,0.809352769417476,0.7567567567567568,9,nonlin_d10_n2000,nonlinear,10,2000,43,GC-KAN+ALM,44.709,,10043
0.8082191780821918,0.39284846090519704,0.6363636363636364,16,nonlin_d10_n2000,nonlinear,10,2000,43,Neural-GC,16.02,,10043
0.9617244157937148,0.9346055088702148,0.9090909090909091,3,nonlin_d10_n2000,nonlinear,10,2000,43,NTS-NOTEARS,23.855,,10043
0.9008863819500403,0.8387852939957229,0.7647058823529411,8,nonlin_d10_n2000,nonlinear,10,2000,43,CD-KAN,2.596,3310,10043
0.9933283914010378,0.9830827067669172,0.972972972972973,1,nonlin_d10_n2000,nonlinear,10,2000,44,VAR-Lasso,0.025,,20044
0.9621942179392142,0.9042831008001286,0.8333333333333334,6,nonlin_d10_n2000,nonlinear,10,2000,44,Correlation,0.008,,20044
0.9266123054114159,0.9180809165771571,0.9142857142857143,3,nonlin_d10_n2000,nonlinear,10,2000,44,NOTEARS,0.114,,20044
1.0,1.0,1.0,0,nonlin_d10_n2000,nonlinear,10,2000,44,GOLEM,0.276,,20044
1.0,1.0,1.0,0,nonlin_d10_n2000,nonlinear,10,2000,44,PCMCI,1.695,,20044
1.0,0.9999999999999998,1.0,0,nonlin_d10_n2000,nonlinear,10,2000,44,VarLiNGAM,1.294,,20044
0.9740548554484803,0.9365400466406657,0.8888888888888888,4,nonlin_d10_n2000,nonlinear,10,2000,44,GC-KAN,44.62,,20044
0.9747961452928096,0.9328684317530067,0.8888888888888888,4,nonlin_d10_n2000,nonlinear,10,2000,44,GC-KAN+ALM,44.797,,20044
0.85470719051149,0.6105803979207503,0.6666666666666666,13,nonlin_d10_n2000,nonlinear,10,2000,44,Neural-GC,15.645,,20044
0.9733135656041512,0.9584795321637425,0.972972972972973,1,nonlin_d10_n2000,nonlinear,10,2000,44,NTS-NOTEARS,20.104,,20044
0.9681245366938473,0.9480861244019136,0.9142857142857143,3,nonlin_d10_n2000,nonlinear,10,2000,44,CD-KAN,2.595,3310,20044
0.9666505167958656,0.9315005896604147,0.8947368421052632,8,nonlin_d20_n2000,nonlinear,20,2000,42,VAR-Lasso,0.109,,20042
0.9286983204134367,0.689706446804507,0.647887323943662,25,nonlin_d20_n2000,nonlinear,20,2000,42,Correlation,0.024,,20042
0.8131459948320413,0.7226193816003361,0.7419354838709677,16,nonlin_d20_n2000,nonlinear,20,2000,42,NOTEARS,0.114,,20042
0.9721414728682172,0.9446412012685946,0.9411764705882353,4,nonlin_d20_n2000,nonlinear,20,2000,42,GOLEM,0.298,,20042
0.9983042635658915,0.9870939461055741,0.9577464788732394,3,nonlin_d20_n2000,nonlinear,20,2000,42,PCMCI,7.754,,20042
0.9970122739018088,0.9789529914529915,0.9565217391304348,3,nonlin_d20_n2000,nonlinear,20,2000,42,VarLiNGAM,6.065,,20042
0.7651808785529716,0.38672364253852853,0.4186046511627907,50,nonlin_d20_n2000,nonlinear,20,2000,42,Neural-GC,57.765,,20042
0.9207848837209303,0.795413488607426,0.7878787878787878,14,nonlin_d20_n2000,nonlinear,20,2000,42,CD-KAN,4.856,13220,20042
0.9647930194805194,0.867658158982838,0.88,6,nonlin_d20_n2000,nonlinear,20,2000,43,VAR-Lasso,0.105,,20043
0.9256290584415584,0.8066405351690645,0.7777777777777778,12,nonlin_d20_n2000,nonlinear,20,2000,43,Correlation,0.027,,20043
0.9066558441558441,0.794356104148812,0.8085106382978723,9,nonlin_d20_n2000,nonlinear,20,2000,43,NOTEARS,0.127,,20043
0.9912743506493507,0.9321929498369317,0.88,6,nonlin_d20_n2000,nonlinear,20,2000,43,GOLEM,0.299,,20043
0.9995941558441558,0.9951559934318555,0.9655172413793104,2,nonlin_d20_n2000,nonlinear,20,2000,43,PCMCI,6.299,,20043
0.9814326298701299,0.960529592264101,0.9473684210526315,3,nonlin_d20_n2000,nonlinear,20,2000,43,VarLiNGAM,5.202,,20043
0.7510146103896104,0.2975982326625441,0.3333333333333333,68,nonlin_d20_n2000,nonlinear,20,2000,43,Neural-GC,58.129,,20043
0.9040178571428572,0.8321111424181452,0.8333333333333334,8,nonlin_d20_n2000,nonlinear,20,2000,43,CD-KAN,3.682,13220,20043
0.9846443965517242,0.9632703438756514,0.9523809523809523,3,nonlin_d20_n2000,nonlinear,20,2000,44,VAR-Lasso,0.098,,44
0.9443247126436781,0.6996551707917289,0.6352941176470588,31,nonlin_d20_n2000,nonlinear,20,2000,44,Correlation,0.024,,44
0.8785919540229885,0.8001088261810959,0.7692307692307693,15,nonlin_d20_n2000,nonlinear,20,2000,44,NOTEARS,0.126,,44
0.9931752873563219,0.9660348788638262,0.967741935483871,2,nonlin_d20_n2000,nonlinear,20,2000,44,GOLEM,0.308,,44
0.999371408045977,0.9943910256410257,0.9841269841269841,1,nonlin_d20_n2000,nonlinear,20,2000,44,PCMCI,6.737,,44
0.984375,0.9713815789473684,0.9841269841269841,1,nonlin_d20_n2000,nonlinear,20,2000,44,VarLiNGAM,5.09,,44
0.7984015804597702,0.22245086223991462,0.34146341463414637,54,nonlin_d20_n2000,nonlinear,20,2000,44,Neural-GC,54.139,,44
0.9534841954022988,0.8701850282647368,0.8307692307692308,11,nonlin_d20_n2000,nonlinear,20,2000,44,CD-KAN,3.494,13220,44
0.9614428611681359,0.8689325772302433,0.8648648648648649,20,nonlin_d50_n3000,nonlinear,50,3000,42,VAR-Lasso,1.477,,110042
0.9592641790443989,0.6665726731827961,0.6666666666666666,60,nonlin_d50_n3000,nonlinear,50,3000,42,Correlation,0.205,,110042
0.5304361389526224,0.07013598926905121,0.09572649572649573,529,nonlin_d50_n3000,nonlinear,50,3000,42,NOTEARS,0.164,,110042
0.9844825504166164,0.9233034755132861,0.8662420382165605,21,nonlin_d50_n3000,nonlinear,50,3000,42,GOLEM,0.494,,110042
0.8020971702290384,0.4036473139514422,0.4580152671755725,71,nonlin_d50_n3000,nonlinear,50,3000,42,CD-KAN,14.167,82550,110042
0.9453139110645522,0.536539537376777,0.6222222222222222,68,nonlin_d50_n3000,nonlinear,50,3000,43,VAR-Lasso,26.954,,43
0.815536610916447,0.34376537139379315,0.37446808510638296,147,nonlin_d50_n3000,nonlinear,50,3000,43,Correlation,0.202,,43
0.5582532601235416,0.09854183550780211,0.15916955017301038,243,nonlin_d50_n3000,nonlinear,50,3000,43,NOTEARS,0.167,,43
0.9544169707040422,0.6246880405075538,0.66,68,nonlin_d50_n3000,nonlinear,50,3000,43,GOLEM,0.474,,43
0.8356075931076834,0.41500907005777643,0.4567901234567901,88,nonlin_d50_n3000,nonlinear,50,3000,43,CD-KAN,13.514,82550,43
0.973032700421941,0.8993969143132415,0.8993288590604027,15,nonlin_d50_n3000,nonlinear,50,3000,44,VAR-Lasso,2.341,,40044
0.9448681434599155,0.6734992082104923,0.6762589928057554,45,nonlin_d50_n3000,nonlinear,50,3000,44,Correlation,0.203,,40044
0.5863818565400845,0.1416473964019998,0.2,88,nonlin_d50_n3000,nonlinear,50,3000,44,NOTEARS,0.168,,40044
0.9894251054852321,0.9542839912783196,0.925,12,nonlin_d50_n3000,nonlinear,50,3000,44,GOLEM,0.52,,40044
0.8333227848101266,0.5328164217123833,0.6,52,nonlin_d50_n3000,nonlinear,50,3000,44,CD-KAN,13.905,82550,40044
