resample,cause,effect,importance,rank,delta,sign_ok,slope_lower,slope_upper,increasing,flattening
0,workingday,registered,0.24367769062519073,10,0.5241940021514893,True,,,,
0,workingday,casual,0.31649234890937805,6,-0.680831253528595,True,,,,
0,temp,casual,0.0022339390125125647,45,0.005327488295733929,,0.002928347292639496,0.0011780397198711,True,True
0,temp,registered,0.012963754124939442,24,0.030434809625148773,,0.018624408407553552,0.004778807746892294,True,True
1,workingday,registered,0.2264140248298645,10,0.4876316785812378,True,,,,
1,workingday,casual,0.3977107107639313,3,-0.8565561771392822,True,,,,
1,temp,casual,0.0023207159247249365,56,0.0056731258518993855,,0.0030898178366028095,0.0005557542105159806,True,True
1,temp,registered,0.05456838756799698,22,0.1339549720287323,,0.08034261311942416,7.744841281645975e-05,True,True
2,workingday,registered,0.2061946541070938,11,0.44005298614501953,True,,,,
2,workingday,casual,0.340177446603775,5,-0.7259940505027771,True,,,,
2,temp,casual,0.0024597281590104103,50,0.005770049523562193,,0.0034017233202459944,0.0010304878442260522,True,True
2,temp,registered,0.253841370344162,8,0.5887298583984375,,0.3960494290980688,0.054118185644315,True,True
3,workingday,registered,0.32096245884895325,6,0.6865037083625793,True,,,,
3,workingday,casual,0.41514769196510315,2,-0.8879556655883789,True,,,,
3,temp,casual,0.002915515098720789,47,0.006977863144129515,,0.003978747249617305,0.0013428518135381916,True,True
3,temp,registered,0.010054381564259529,32,0.02465861290693283,,0.010675612456309738,0.008278188680110715,True,True
4,workingday,registered,0.1957337111234665,12,0.42412275075912476,True,,,,
4,workingday,casual,0.32986387610435486,4,-0.7147607207298279,True,,,,
4,temp,casual,0.001719893654808402,51,0.004006273113191128,,0.002300627657184645,0.000669997304023077,True,True
4,temp,registered,0.22606389224529266,11,0.5228418111801147,,0.3329328093229792,0.04948654916135932,True,True
5,workingday,registered,0.22040307521820068,10,0.4787783622741699,True,,,,
5,workingday,casual,0.3383622169494629,4,-0.7350192666053772,True,,,,
5,temp,casual,0.002769822720438242,47,0.006402221042662859,,0.004837666876322122,0.00045788810810526556,True,True
5,temp,registered,0.006740264128893614,31,0.015841525048017502,,0.009102375894479393,0.0035574495863070943,True,True
