resample,method,status,time_s,bk_auroc,n_edges,n_forbidden,n_positive
0,SPADE,ok,15.0,0.7700348432055749,12,4,3
0,DAGMA-nonlinear,ok,49.9,0.5609756097560975,12,6,2
0,SCORE,ok,5.3,0.6742160278745646,50,15,5
0,NoGAM,ok,32.0,0.4233449477351916,49,18,2
0,GraN-DAG,ok,17.6,0.5574912891986062,12,10,1
0,NOTEARS-MLP,ok,1.7,0.519163763066202,12,5,0
0,GOLEM,ok,13.1,0.49128919860627174,12,6,2
0,DAGMA-linear,ok,1.9,0.36236933797909404,12,9,1
0,NOTEARS-linear,ok,0.3,0.6829268292682927,12,6,2
1,SPADE,ok,1.8,0.9128919860627178,12,0,5
1,DAGMA-nonlinear,ok,50.4,0.5749128919860627,12,5,2
1,SCORE,ok,4.7,0.41114982578397213,52,19,2
1,NoGAM,ok,32.7,0.4947735191637631,51,18,3
1,GraN-DAG,ok,16.7,0.5574912891986062,12,10,1
1,NOTEARS-MLP,ok,1.3,0.5296167247386759,12,5,0
1,GOLEM,ok,12.3,0.3797909407665505,12,7,1
1,DAGMA-linear,ok,1.9,0.45644599303135885,12,8,2
1,NOTEARS-linear,ok,0.2,0.6445993031358885,12,6,2
2,SPADE,ok,1.6,0.8327526132404182,12,4,5
2,DAGMA-nonlinear,ok,49.4,0.5679442508710801,12,6,2
2,SCORE,ok,4.2,0.554006968641115,55,19,4
2,NoGAM,ok,34.1,0.554006968641115,55,19,4
2,GraN-DAG,ok,16.8,0.47560975609756095,12,11,0
2,NOTEARS-MLP,ok,1.5,0.4878048780487805,12,5,0
2,GOLEM,ok,11.6,0.4738675958188153,12,7,2
2,DAGMA-linear,ok,1.7,0.3588850174216027,12,8,1
2,NOTEARS-linear,ok,0.3,0.6933797909407666,12,6,2
3,SPADE,ok,1.5,0.7421602787456446,12,5,3
3,DAGMA-nonlinear,ok,50.2,0.9407665505226481,12,2,3
3,SCORE,ok,4.6,0.554006968641115,62,19,4
3,NoGAM,ok,33.1,0.39895470383275256,61,20,2
3,GraN-DAG,ok,18.1,0.47560975609756095,12,11,0
3,NOTEARS-MLP,ok,1.9,0.4390243902439024,12,4,1
3,GOLEM,ok,12.4,0.4773519163763066,12,6,1
3,DAGMA-linear,ok,1.7,0.5505226480836237,12,7,1
3,NOTEARS-linear,ok,0.2,0.6411149825783973,12,6,2
4,SPADE,ok,1.7,0.7770034843205575,12,4,4
4,DAGMA-nonlinear,ok,52.7,0.808362369337979,12,4,3
4,SCORE,ok,4.9,0.637630662020906,54,18,5
4,NoGAM,ok,40.7,0.5418118466898955,54,20,4
4,GraN-DAG,ok,19.2,0.5574912891986062,12,10,1
4,NOTEARS-MLP,ok,1.7,0.4494773519163763,12,6,0
4,GOLEM,ok,17.3,0.3693379790940766,12,7,1
4,DAGMA-linear,ok,1.8,0.35191637630662015,12,8,1
4,NOTEARS-linear,ok,1.4,0.6585365853658536,12,6,2
5,SPADE,ok,28.0,0.8222996515679444,12,2,4
5,DAGMA-nonlinear,ok,258.4,0.7665505226480835,12,4,2
5,SCORE,ok,4.3,0.31533101045296164,52,21,1
5,NoGAM,ok,28.5,0.45818815331010454,52,21,3
5,GraN-DAG,ok,18.2,0.47560975609756095,12,11,0
5,NOTEARS-MLP,ok,1.6,0.49477351916376305,12,4,0
5,GOLEM,ok,11.6,0.4041811846689895,12,7,1
5,DAGMA-linear,ok,2.0,0.3519163763066202,12,7,2
5,NOTEARS-linear,ok,0.3,0.6550522648083623,12,6,0
