dataset,resample,cause,effect,expected,delta,sign_ok,importance,rank,n_edges_total
bike_hourly,0,workingday,registered,pos,-2.736429451033473e-06,False,1.247006935045647e-06,181,182
bike_hourly,0,workingday,casual,neg,-0.050833165645599365,True,0.02316497080028057,21,182
bike_hourly,1,workingday,registered,pos,0.00026649673236534,True,0.00012558042362798005,143,182
bike_hourly,1,workingday,casual,neg,-0.00010874512372538447,True,5.124363815411925e-05,179,182
bike_hourly,2,workingday,registered,pos,0.0005028448649682105,True,0.0002364121173741296,129,182
bike_hourly,2,workingday,casual,neg,-0.00031239306554198265,True,0.00014687137445434928,156,182
bike_hourly,3,workingday,registered,pos,1.6335921827703714e-05,True,7.6127225838718005e-06,181,182
bike_hourly,3,workingday,casual,neg,-0.00022554244787897915,True,0.00010510528954910114,154,182
bike_hourly,4,workingday,registered,pos,0.0028809052892029285,True,0.001366021460853517,49,182
bike_hourly,4,workingday,casual,neg,-0.04035292565822601,True,0.019133899360895157,24,182
bike_hourly,5,workingday,registered,pos,0.0021336027421057224,True,0.0009821197018027306,64,182
bike_hourly,5,workingday,casual,neg,-0.004694022238254547,True,0.002160707488656044,43,182
beijing,0,Iws,pm,dec,-0.000825203605927527,True,0.00031804543687030673,104,182
beijing,1,Iws,pm,dec,-0.0010543160606175661,True,0.0004551637393888086,88,182
beijing,2,Iws,pm,dec,-0.0019603499677032232,True,0.0007311981753446162,70,182
beijing,3,Iws,pm,dec,-0.0016352618113160133,True,0.0005467779119499028,82,182
beijing,4,Iws,pm,dec,-0.0002223939955001697,True,0.00014816774637438357,136,182
beijing,5,Iws,pm,dec,-0.0035912622697651386,True,0.0013973598834127188,58,182
