dataset,resample,method,bk_auroc,n_forbidden,n_edges,n_positive,n_pos_total,time_s
bike_hourly,0,SPADE,0.682,3,14,3,9,10
bike_hourly,0,NOTEARS-linear,0.614,5,14,1,9,2
bike_hourly,0,DAGMA-linear,0.159,6,14,1,9,4
bike_hourly,0,GOLEM,0.549,6,14,1,9,81
bike_hourly,0,NOTEARS-MLP,0.344,5,14,0,9,27
bike_hourly,1,SPADE,0.695,5,14,2,9,2
bike_hourly,1,NOTEARS-linear,0.608,5,14,1,9,1
bike_hourly,1,DAGMA-linear,0.301,6,14,1,9,3
bike_hourly,1,GOLEM,0.516,4,14,1,9,53
bike_hourly,1,NOTEARS-MLP,0.296,6,14,0,9,28
bike_hourly,2,SPADE,0.688,1,14,4,9,3
bike_hourly,2,NOTEARS-linear,0.643,5,14,2,9,1
bike_hourly,2,DAGMA-linear,0.159,5,14,1,9,3
bike_hourly,2,GOLEM,0.381,6,14,1,9,53
bike_hourly,2,NOTEARS-MLP,0.353,5,14,0,9,28
beijing,0,SPADE,0.727,3,14,5,10,11
beijing,0,NOTEARS-linear,0.669,6,14,3,10,3
beijing,0,DAGMA-linear,0.437,5,14,2,10,4
beijing,0,GOLEM,0.543,6,14,1,10,107
beijing,0,NOTEARS-MLP,0.445,6,14,0,10,57
beijing,1,SPADE,0.706,5,14,2,10,4
beijing,1,NOTEARS-linear,0.692,7,14,2,10,2
beijing,1,DAGMA-linear,0.335,6,14,1,10,4
beijing,1,GOLEM,0.427,5,14,0,10,58
beijing,1,NOTEARS-MLP,0.457,8,14,0,10,58
beijing,2,SPADE,0.794,3,14,4,10,4
beijing,2,NOTEARS-linear,0.612,6,14,2,10,2
beijing,2,DAGMA-linear,0.28,6,14,1,10,4
beijing,2,GOLEM,0.537,4,14,1,10,61
beijing,2,NOTEARS-MLP,0.498,8,14,0,10,59
