dataset,part,n,resample,method,status,time_s,bk_auroc,n_edges,n_forbidden,n_positive,n_pos_total
bike_hourly,primary,2000,0,SPADE,ok,92.7,0.6535947712418301,14,3,3,9
bike_hourly,primary,2000,0,DAGMA-nonlinear,ok,1572.8,0.5882352941176471,14,5,2,9
bike_hourly,primary,2000,0,SCORE,ok,48.9,0.5,62,17,3,9
bike_hourly,primary,2000,0,NoGAM,ok,202.5,0.349673202614379,68,21,1,9
bike_hourly,primary,2000,0,GraN-DAG,ok,19.9,0.5555555555555556,14,12,1,9
bike_hourly,primary,2000,0,NOTEARS-MLP,ok,2.8,0.2810457516339869,14,6,0,9
bike_hourly,primary,2000,0,GOLEM,ok,13.4,0.4684095860566448,14,6,1,9
bike_hourly,primary,2000,0,DAGMA-linear,ok,2.2,0.1786492374727669,14,5,1,9
bike_hourly,primary,2000,0,NOTEARS-linear,ok,0.3,0.6928104575163399,14,6,1,9
bike_hourly,primary,2000,1,SPADE,ok,2.4,0.5708061002178649,14,5,2,9
bike_hourly,primary,2000,1,DAGMA-nonlinear,ok,104.0,0.4945533769063181,14,6,2,9
bike_hourly,primary,2000,1,SCORE,ok,38.9,0.3660130718954248,73,25,2,9
bike_hourly,primary,2000,1,NoGAM,ok,201.5,0.5065359477124183,73,22,4,9
bike_hourly,primary,2000,1,GraN-DAG,ok,21.9,0.5446623093681917,14,12,1,9
bike_hourly,primary,2000,1,NOTEARS-MLP,ok,2.7,0.224400871459695,14,8,0,9
bike_hourly,primary,2000,1,GOLEM,ok,15.9,0.5076252723311546,14,5,0,9
bike_hourly,primary,2000,1,DAGMA-linear,ok,2.2,0.2832244008714596,14,6,1,9
bike_hourly,primary,2000,1,NOTEARS-linear,ok,0.3,0.6252723311546842,14,7,2,9
bike_hourly,primary,2000,2,SPADE,ok,2.5,0.5969498910675382,14,2,3,9
bike_hourly,primary,2000,2,DAGMA-nonlinear,ok,118.0,0.4117647058823529,14,7,2,9
bike_hourly,primary,2000,2,SCORE,ok,39.4,0.4509803921568627,63,22,3,9
bike_hourly,primary,2000,2,NoGAM,ok,197.1,0.4248366013071896,60,19,2,9
bike_hourly,primary,2000,2,GraN-DAG,ok,20.5,0.5555555555555556,14,11,1,9
bike_hourly,primary,2000,2,NOTEARS-MLP,ok,2.2,0.3093681917211329,14,5,0,9
bike_hourly,primary,2000,2,GOLEM,ok,34.1,0.6143790849673203,14,5,0,9
bike_hourly,primary,2000,2,DAGMA-linear,ok,2.7,0.261437908496732,14,6,1,9
bike_hourly,primary,2000,2,NOTEARS-linear,ok,0.7,0.5773420479302832,14,6,2,9
bike_hourly,primary,2000,3,SPADE,ok,3.3,0.5642701525054467,14,3,2,9
bike_hourly,primary,2000,3,DAGMA-nonlinear,ok,123.6,0.5359477124183006,14,4,2,9
bike_hourly,primary,2000,3,SCORE,ok,41.9,0.4019607843137255,81,27,3,9
bike_hourly,primary,2000,3,NoGAM,ok,199.6,0.4967320261437909,78,23,4,9
bike_hourly,primary,2000,3,GraN-DAG,ok,20.0,0.5555555555555556,14,12,1,9
bike_hourly,primary,2000,3,NOTEARS-MLP,ok,2.2,0.270152505446623,14,6,0,9
bike_hourly,primary,2000,3,GOLEM,ok,12.5,0.4030501089324618,14,4,1,9
bike_hourly,primary,2000,3,DAGMA-linear,ok,2.5,0.2135076252723311,14,6,1,9
bike_hourly,primary,2000,3,NOTEARS-linear,ok,0.3,0.6906318082788672,14,6,1,9
bike_hourly,primary,2000,4,SPADE,ok,2.4,0.7211328976034859,14,4,1,9
bike_hourly,primary,2000,4,DAGMA-nonlinear,ok,155.5,0.35947712418300654,14,5,1,9
bike_hourly,primary,2000,4,SCORE,ok,42.8,0.434640522875817,59,18,2,9
bike_hourly,primary,2000,4,NoGAM,ok,201.5,0.47058823529411764,67,20,3,9
bike_hourly,primary,2000,4,GraN-DAG,ok,19.8,0.5555555555555556,14,12,1,9
bike_hourly,primary,2000,4,NOTEARS-MLP,ok,2.0,0.30718954248366015,14,7,0,9
bike_hourly,primary,2000,4,GOLEM,ok,14.7,0.4684095860566449,14,5,0,9
bike_hourly,primary,2000,4,DAGMA-linear,ok,2.3,0.43137254901960786,14,7,2,9
bike_hourly,primary,2000,4,NOTEARS-linear,ok,0.3,0.6339869281045751,14,4,1,9
bike_hourly,primary,2000,5,SPADE,ok,3.0,0.6993464052287581,14,4,3,9
bike_hourly,primary,2000,5,DAGMA-nonlinear,ok,93.3,0.5359477124183006,14,6,1,9
bike_hourly,primary,2000,5,SCORE,ok,40.8,0.47058823529411764,65,20,3,9
bike_hourly,primary,2000,5,NoGAM,ok,201.9,0.545751633986928,64,18,4,9
bike_hourly,primary,2000,5,GraN-DAG,ok,19.4,0.5555555555555556,14,12,1,9
bike_hourly,primary,2000,5,NOTEARS-MLP,ok,2.0,0.33769063180827885,14,4,0,9
bike_hourly,primary,2000,5,GOLEM,ok,14.4,0.5751633986928104,14,5,0,9
bike_hourly,primary,2000,5,DAGMA-linear,ok,2.4,0.23965141612200438,14,7,1,9
bike_hourly,primary,2000,5,NOTEARS-linear,ok,0.3,0.6753812636165577,14,5,1,9
