method,bk_auroc_mean,bk_auroc_std,forbidden_mean,positive_mean,edges_mean,time_mean,n
DAGMA-linear,0.39863945578231297,0.08299542764929879,5.333333333333333,1.8333333333333333,14.0,3.0,6
DAGMA-nonlinear,0.611904761904762,0.053893267136783024,3.8333333333333335,2.3333333333333335,14.0,194.83333333333334,6
GOLEM,0.4367346938775511,0.09582713855235389,5.666666666666667,0.8333333333333334,14.0,14.683333333333332,6
GraN-DAG,0.5304421768707482,0.04999132230681259,12.666666666666666,0.8333333333333334,14.0,20.333333333333332,6
NOTEARS-MLP,0.38979591836734695,0.04779171803987417,5.5,0.0,14.0,2.3333333333333335,6
NOTEARS-linear,0.6687074829931974,0.05475577774487292,5.5,1.8333333333333333,14.0,0.3,6
NoGAM,0.45867346938775516,0.10469755732085921,22.833333333333332,3.8333333333333335,75.66666666666667,200.71666666666667,6
SCORE,0.4382653061224489,0.053548585994939925,24.833333333333332,3.8333333333333335,75.16666666666667,40.96666666666667,6
SPADE,0.669047619047619,0.09459721197916023,4.166666666666667,2.6666666666666665,14.0,2.8833333333333333,6
